read_name	locus_id	chrom	ref_start	ref_end	mapq	flag	strand	evidence_class	accepted	reason	left_anchor_bases	right_anchor_bases	repeat_query_start	repeat_query_end	repeat_query_length	motif_fraction	best_motif	left_soft_clip	right_soft_clip	read_length	NM	nm_fraction	read_group
m64154_210328_153009/46729924/ccs	CSTB_EPM1	chr21	43760937	43782432	60	16	-	spanning	1	accepted	15506	5953	15512	15537	25	0.960000	CGCGGGGCGGGG	0	0	21493	94	0.004374	LCL5_m64154_210328_153009.cc
m64236_210330_051441/158795550/ccs	CSTB_EPM1	chr21	43762311	43778142	60	0	+	spanning	1	accepted	14132	1663	14136	14173	37	0.972973	CGCGGGGCGGGG	0	0	15837	9	0.000568	LCL5_m64236_210330_051441.cc
m64154_210403_042108/35520895/ccs	CSTB_EPM1	chr21	43763564	43776930	60	0	+	spanning	1	accepted	12879	451	12904	12928	24	0.500000	CGCGGGGCGGGG	0	0	13379	66	0.004933	LCL5_m64154_210403_042108.cc
m64236_210323_112137/54331983/ccs	CSTB_EPM1	chr21	43763749	43784529	60	16	-	spanning	1	accepted	12694	8050	12713	12738	25	0.960000	CGCGGGGCGGGG	0	0	20798	153	0.007356	LCL5_m64236_210323_112137.cc
m64236_210323_112137/74646411/ccs	CSTB_EPM1	chr21	43763952	43777779	60	16	-	spanning	1	accepted	12491	1300	12501	12538	37	0.972973	CGCGGGGCGGGG	0	1	13838	43	0.003107	LCL5_m64236_210323_112137.cc
m64154_210328_153009/75694251/ccs	CSTB_EPM1	chr21	43763976	43776558	60	16	-	left_anchor_motif	1	accepted	12467	79	12544	12569	25	0.960000	CGCGGGGCGGGG	0	0	12648	122	0.009646	LCL5_m64154_210328_153009.cc
m64236_210330_051441/137103030/ccs	CSTB_EPM1	chr21	43763977	43777426	60	0	+	spanning	1	accepted	12466	947	12461	12486	25	0.960000	CGCGGGGCGGGG	0	0	13429	85	0.006330	LCL5_m64236_210330_051441.cc
m64154_210403_042108/55181549/ccs	CSTB_EPM1	chr21	43764257	43783387	60	0	+	spanning	1	accepted	12186	6908	12243	12268	25	0.960000	CGCGGGGCGGGG	0	0	19200	146	0.007604	LCL5_m64154_210403_042108.cc
m64236_210330_051441/788916/ccs	CSTB_EPM1	chr21	43765012	43778635	60	0	+	spanning	1	accepted	11431	2156	11462	11498	36	0.666667	CGCGGGGCGGGG	0	0	13660	82	0.006003	LCL5_m64236_210330_051441.cc
m64154_210328_153009/84083636/ccs	CSTB_EPM1	chr21	43765116	43782517	60	16	-	spanning	1	accepted	11327	6038	11330	11355	25	0.960000	CGCGGGGCGGGG	0	0	17389	68	0.003911	LCL5_m64154_210328_153009.cc
m64154_210327_091530/171903133/ccs	CSTB_EPM1	chr21	43766245	43782125	60	16	-	spanning	1	accepted	10198	5646	10246	10284	38	0.947368	CGCGGGGCGGGG	0	0	15982	118	0.007383	LCL5_m64154_210327_091530.cc
m64154_210327_091530/105644633/ccs	CSTB_EPM1	chr21	43766412	43781499	60	0	+	spanning	1	accepted	10031	5020	10039	10076	37	0.972973	CGCGGGGCGGGG	0	0	15097	17	0.001126	LCL5_m64154_210327_091530.cc
m64236_210323_112137/153093534/ccs	CSTB_EPM1	chr21	43766566	43783961	60	0	+	spanning	1	accepted	9877	7482	9884	9909	25	0.960000	CGCGGGGCGGGG	0	0	17387	62	0.003566	LCL5_m64236_210323_112137.cc
m64154_210403_042108/139987488/ccs	CSTB_EPM1	chr21	43766801	43780118	60	16	-	spanning	1	accepted	9642	3639	9651	9688	37	0.972973	CGCGGGGCGGGG	0	0	13334	26	0.001950	LCL5_m64154_210403_042108.cc
m64154_210327_091530/58983831/ccs	CSTB_EPM1	chr21	43766804	43777613	60	16	-	spanning	1	accepted	9639	1134	9648	9685	37	0.972973	CGCGGGGCGGGG	0	3	10822	13	0.001201	LCL5_m64154_210327_091530.cc
m64154_210403_042108/127534571/ccs	CSTB_EPM1	chr21	43767024	43779025	60	16	-	spanning	1	accepted	9419	2546	9425	9462	37	0.972973	CGCGGGGCGGGG	0	0	12013	19	0.001582	LCL5_m64154_210403_042108.cc
m64154_210327_091530/129369588/ccs	CSTB_EPM1	chr21	43767310	43776771	60	0	+	spanning	1	accepted	9133	292	9143	9169	26	0.923077	CGCGGGGCGGGG	0	0	9462	45	0.004756	LCL5_m64154_210327_091530.cc
m64236_210330_051441/47449504/ccs	CSTB_EPM1	chr21	43768212	43785100	60	0	+	spanning	1	accepted	8231	8621	8263	8291	28	0.857143	CGCGGGGCGGGG	3	10	16916	194	0.011468	LCL5_m64236_210330_051441.cc
m64236_210323_112137/89983147/ccs	CSTB_EPM1	chr21	43768311	43779492	60	0	+	spanning	1	accepted	8132	3013	8135	8160	25	0.960000	CGCGGGGCGGGG	0	0	11172	45	0.004028	LCL5_m64236_210323_112137.cc
m64236_210323_112137/20777329/ccs	CSTB_EPM1	chr21	43768509	43780072	60	16	-	spanning	1	accepted	7934	3593	7939	7964	25	0.960000	CGCGGGGCGGGG	0	0	11555	51	0.004414	LCL5_m64236_210323_112137.cc
m64154_210327_091530/125108493/ccs	CSTB_EPM1	chr21	43768674	43784546	60	0	+	spanning	1	accepted	7769	8067	7775	7812	37	0.972973	CGCGGGGCGGGG	0	0	15881	30	0.001889	LCL5_m64154_210327_091530.cc
m64236_210323_112137/114296384/ccs	CSTB_EPM1	chr21	43768851	43782788	60	0	+	spanning	1	accepted	7592	6309	7609	7634	25	0.960000	CGCGGGGCGGGG	0	0	13949	76	0.005448	LCL5_m64236_210323_112137.cc
m64236_210323_112137/119997444/ccs	CSTB_EPM1	chr21	43769198	43781958	60	16	-	spanning	1	accepted	7245	5479	7246	7283	37	0.972973	CGCGGGGCGGGG	0	0	12761	12	0.000940	LCL5_m64236_210323_112137.cc
m64154_210328_153009/141166147/ccs	CSTB_EPM1	chr21	43769230	43783299	60	0	+	spanning	1	accepted	7213	6820	7216	7253	37	0.972973	CGCGGGGCGGGG	0	0	14072	12	0.000853	LCL5_m64154_210328_153009.cc
m64154_210328_153009/90702892/ccs	CSTB_EPM1	chr21	43769329	43779641	60	16	-	spanning	1	accepted	7114	3162	7117	7142	25	0.960000	CGCGGGGCGGGG	0	0	10303	40	0.003882	LCL5_m64154_210328_153009.cc
m64154_210328_153009/8978532/ccs	CSTB_EPM1	chr21	43769685	43783718	60	16	-	spanning	1	accepted	6758	7239	6762	6787	25	0.960000	CGCGGGGCGGGG	0	0	14027	58	0.004135	LCL5_m64154_210328_153009.cc
m64236_210330_051441/159124268/ccs	CSTB_EPM1	chr21	43769747	43783617	60	16	-	spanning	1	accepted	6696	7138	6698	6723	25	0.960000	CGCGGGGCGGGG	0	0	13857	49	0.003536	LCL5_m64236_210330_051441.cc
m64154_210403_042108/55575311/ccs	CSTB_EPM1	chr21	43769838	43780581	60	0	+	spanning	1	accepted	6605	4102	6611	6648	37	0.972973	CGCGGGGCGGGG	0	0	10764	30	0.002787	LCL5_m64154_210403_042108.cc
m64154_210328_153009/80545816/ccs	CSTB_EPM1	chr21	43769926	43786709	60	0	+	spanning	1	accepted	6517	10230	6538	6563	25	0.960000	CGCGGGGCGGGG	0	0	16778	108	0.006437	LCL5_m64154_210328_153009.cc
m64154_210328_153009/159121961/ccs	CSTB_EPM1	chr21	43770178	43781017	60	16	-	spanning	1	accepted	6265	4538	6265	6302	37	0.972973	CGCGGGGCGGGG	0	0	10838	10	0.000923	LCL5_m64154_210328_153009.cc
m64236_210330_051441/43451455/ccs	CSTB_EPM1	chr21	43771293	43789148	60	0	+	spanning	1	accepted	5150	12669	5154	5181	27	0.888889	CGCGGGGCGGGG	0	0	17725	290	0.016361	LCL5_m64236_210330_051441.cc
m64236_210330_051441/72287257/ccs	CSTB_EPM1	chr21	43771604	43783218	60	0	+	spanning	1	accepted	4839	6739	4838	4875	37	0.972973	CGCGGGGCGGGG	0	1	11620	17	0.001463	LCL5_m64236_210330_051441.cc
m64154_210403_042108/110297152/ccs	CSTB_EPM1	chr21	43771660	43784042	60	0	+	spanning	1	accepted	4783	7563	4783	4808	25	0.960000	CGCGGGGCGGGG	0	0	12368	36	0.002911	LCL5_m64154_210403_042108.cc
m64236_210330_051441/165808122/ccs	CSTB_EPM1	chr21	43771697	43783528	60	16	-	spanning	1	accepted	4746	7049	4753	4790	37	0.972973	CGCGGGGCGGGG	0	0	11846	25	0.002110	LCL5_m64236_210330_051441.cc
m64154_210327_091530/28837665/ccs	CSTB_EPM1	chr21	43771977	43783748	60	0	+	spanning	1	accepted	4466	7269	4468	4505	37	0.972973	CGCGGGGCGGGG	0	0	11776	11	0.000934	LCL5_m64154_210327_091530.cc
m64236_210330_051441/167904605/ccs	CSTB_EPM1	chr21	43772281	43791046	60	16	-	spanning	1	accepted	4162	14567	4169	4206	37	0.972973	CGCGGGGCGGGG	0	0	18806	57	0.003031	LCL5_m64236_210330_051441.cc
m64154_210327_091530/51774825/ccs	CSTB_EPM1	chr21	43772311	43786644	60	16	-	spanning	1	accepted	4132	10165	4138	4175	37	0.972973	CGCGGGGCGGGG	2	0	14354	27	0.001881	LCL5_m64154_210327_091530.cc
m64236_210323_112137/89328174/ccs	CSTB_EPM1	chr21	43772496	43782992	60	0	+	spanning	1	accepted	3947	6513	3969	4007	38	0.631579	CGCGGGGCGGGG	1	0	10555	156	0.014780	LCL5_m64236_210323_112137.cc
m64154_210403_042108/39062061/ccs	CSTB_EPM1	chr21	43772738	43788647	60	16	-	spanning	1	accepted	3705	12168	3710	3747	37	0.972973	CGCGGGGCGGGG	0	0	15939	77	0.004831	LCL5_m64154_210403_042108.cc
m64236_210330_051441/165939671/ccs	CSTB_EPM1	chr21	43772840	43785125	60	16	-	spanning	1	accepted	3603	8646	3605	3630	25	0.960000	CGCGGGGCGGGG	0	0	12279	51	0.004153	LCL5_m64236_210330_051441.cc
m64154_210327_091530/131007529/ccs	CSTB_EPM1	chr21	43772847	43788555	60	16	-	spanning	1	accepted	3596	12076	3601	3638	37	0.972973	CGCGGGGCGGGG	0	0	15710	57	0.003628	LCL5_m64154_210327_091530.cc
m64154_210327_091530/112002507/ccs	CSTB_EPM1	chr21	43773507	43791057	60	16	-	spanning	1	accepted	2936	14578	2938	2963	25	0.960000	CGCGGGGCGGGG	0	0	17424	191	0.010962	LCL5_m64154_210327_091530.cc
m64154_210327_091530/103418515/ccs	CSTB_EPM1	chr21	43773539	43786147	60	16	-	spanning	1	accepted	2904	9668	2904	2929	25	0.960000	CGCGGGGCGGGG	0	0	12578	59	0.004691	LCL5_m64154_210327_091530.cc
m64236_210323_112137/66060610/ccs	CSTB_EPM1	chr21	43773597	43783959	60	16	-	spanning	1	accepted	2846	7480	2848	2873	25	0.960000	CGCGGGGCGGGG	0	0	10358	49	0.004731	LCL5_m64236_210323_112137.cc
m64154_210328_153009/82052717/ccs	CSTB_EPM1	chr21	43773610	43785965	60	16	-	spanning	1	accepted	2833	9486	2834	2859	25	0.960000	CGCGGGGCGGGG	0	1	12322	64	0.005194	LCL5_m64154_210328_153009.cc
m64154_210403_042108/64096549/ccs	CSTB_EPM1	chr21	43773967	43789588	60	16	-	spanning	1	accepted	2476	13109	2504	2529	25	0.960000	CGCGGGGCGGGG	0	4	15575	298	0.019133	LCL5_m64154_210403_042108.cc
m64154_210403_042108/71172938/ccs	CSTB_EPM1	chr21	43774014	43784686	60	16	-	spanning	1	accepted	2429	8207	2430	2467	37	0.972973	CGCGGGGCGGGG	0	0	10677	15	0.001405	LCL5_m64154_210403_042108.cc
m64154_210403_042108/115212898/ccs	CSTB_EPM1	chr21	43774263	43790472	60	0	+	spanning	1	accepted	2180	13993	2207	2232	25	0.960000	CGCGGGGCGGGG	0	0	16161	280	0.017326	LCL5_m64154_210403_042108.cc
m64236_210330_051441/112657198/ccs	CSTB_EPM1	chr21	43774363	43784471	60	16	-	spanning	1	accepted	2080	7992	2073	2097	24	0.500000	CGCGGGGCGGGG	0	1395	11478	76	0.006621	LCL5_m64236_210330_051441.cc
m64236_210330_051441/96141976/ccs	CSTB_EPM1	chr21	43775127	43787574	60	0	+	spanning	1	accepted	1316	11095	1311	1336	25	0.960000	CGCGGGGCGGGG	0	0	12308	216	0.017550	LCL5_m64236_210330_051441.cc
m64154_210403_042108/69208424/ccs	CSTB_EPM1	chr21	43775163	43788773	60	16	-	spanning	1	accepted	1280	12294	1280	1317	37	0.972973	CGCGGGGCGGGG	0	0	13612	20	0.001469	LCL5_m64154_210403_042108.cc
m64154_210403_042108/64817799/ccs	CSTB_EPM1	chr21	43775376	43785469	60	16	-	spanning	1	accepted	1067	8990	1075	1100	25	0.960000	CGCGGGGCGGGG	0	0	10125	120	0.011852	LCL5_m64154_210403_042108.cc
m64236_210323_112137/169739693/ccs	CSTB_EPM1	chr21	43775403	43791404	60	0	+	spanning	1	accepted	1040	14925	1039	1064	25	0.960000	CGCGGGGCGGGG	0	0	15868	181	0.011407	LCL5_m64236_210323_112137.cc
m64236_210330_051441/152111685/ccs	CSTB_EPM1	chr21	43775639	43791070	60	0	+	spanning	1	accepted	804	14591	804	829	25	0.960000	CGCGGGGCGGGG	0	0	15295	176	0.011507	LCL5_m64236_210330_051441.cc
m64236_210330_051441/32441186/ccs	CSTB_EPM1	chr21	43775794	43787579	60	0	+	spanning	1	accepted	649	11100	649	686	37	0.972973	CGCGGGGCGGGG	0	0	11786	9	0.000764	LCL5_m64236_210330_051441.cc
m64236_210330_051441/25036626/ccs	CSTB_EPM1	chr21	43776355	43787529	60	0	+	right_anchor_motif	1	accepted	88	11050	87	125	38	0.947368	CGCGGGGCGGGG	0	0	11184	24	0.002146	LCL5_m64236_210330_051441.cc
m64154_210328_153009/159517154/ccs	CSTB_EPM1	chr21	43776363	43790291	60	0	+	right_anchor_motif	1	accepted	80	13812	83	108	25	0.960000	CGCGGGGCGGGG	0	0	13853	256	0.018480	LCL5_m64154_210328_153009.cc
