metric	value
algorithm_version	2.0.0
input_bam	/home/data/user/stzhu/测序data/ChineseQuartet.LCL5.GRCh38.HiFi.minimap2.bam
locus_id	DMPK
bed_interval	chr19:45770204-45770264
sam_interval	chr19:45770205-45770264
motifs	CTG
structure	<TR>
fetch_region	chr19:45769205-45771264
anchor_length	100
min_mapq	20
min_motif_fraction	0.7
min_repeat_bases	12
max_nm_fraction	.
partial_rescue	1
supplementary_alignments	0
alignment_accepted	50
alignment_no_repeat_overlap	9
candidate_reads	50
candidate_spanning	50
region_alignments	59
validated_bam_read_count	50
